word	pos	zh	category	en	cn
sustainable	adj.	可持续的	环境与能源	Cities need a more sustainable transport system.	城市需要一个更可持续的交通系统。
curriculum	n.	课程体系	教育与学习	The new curriculum includes practical skills and environmental education.	新课程体系包含实用技能和环境教育。
biodiversity	n.	生物多样性	环境与能源	Protecting forests helps preserve biodiversity.	保护森林有助于维护生物多样性。
allocate	v.	分配；拨出	经济与工作	The council will allocate more funds to public transport.	市政委员会将为公共交通拨出更多资金。
assessment	n.	评估	教育与学习	Regular assessment helps teachers identify gaps in understanding.	定期评估有助于教师发现理解上的不足。
emission	n.	排放；排放物	环境与能源	The new standard limits the emission of harmful gases.	新标准限制有害气体的排放。
renewable	adj.	可再生的	环境与能源	Investment in renewable energy can create local jobs.	对可再生能源的投资可以创造当地就业机会。
infrastructure	n.	基础设施	城市与交通	Reliable infrastructure is essential for regional development.	可靠的基础设施对区域发展至关重要。
inequality	n.	不平等	社会与政策	Access to education can help reduce income inequality.	获得教育的机会有助于减少收入不平等。
migration	n.	迁移；移民	社会与政策	Economic opportunities are an important cause of migration.	经济机会是人口迁移的一个重要原因。
substantial	adj.	大量的；重大的	学术与论证	The project requires substantial investment in staff training.	该项目需要在员工培训方面投入大量资金。
justify	v.	证明……合理	学术与论证	The available evidence does not justify this conclusion.	现有证据不足以证明这一结论合理。
consequence	n.	后果	学术与论证	One consequence of rapid growth is increased demand for housing.	快速增长的一个后果是住房需求增加。
retain	v.	保留；留住	经济与工作	Flexible working hours can help companies retain skilled employees.	灵活的工作时间可以帮助企业留住熟练员工。
urbanisation	n.	城市化	城市与交通	Rapid urbanisation puts pressure on housing and public services.	快速城市化给住房和公共服务带来压力。
depletion	n.	消耗；枯竭	环境与能源	Excessive irrigation can lead to the depletion of groundwater.	过度灌溉可能导致地下水枯竭。
conservation	n.	保护；节约	环境与能源	Community involvement is essential for wildlife conservation.	社区参与对野生动物保护至关重要。
habitat	n.	栖息地	环境与能源	Road construction can destroy the natural habitat of rare animals.	道路建设可能破坏珍稀动物的自然栖息地。
ecosystem	n.	生态系统	环境与能源	A small change in temperature can affect an entire ecosystem.	温度的微小变化可能影响整个生态系统。
deforestation	n.	森林砍伐	环境与能源	Deforestation increases the risk of soil erosion.	森林砍伐增加了土壤侵蚀的风险。
erosion	n.	侵蚀	环境与能源	Planting trees can reduce soil erosion on steep slopes.	植树可以减少陡坡上的土壤侵蚀。
fossil	n.	化石	环境与能源	The fossil provides evidence of life millions of years ago.	这块化石提供了数百万年前生命存在的证据。
mitigate	v.	减轻；缓解	环境与能源	Better drainage can mitigate the effects of heavy rainfall.	更好的排水系统可以减轻强降雨的影响。
adaptation	n.	适应；适应性调整	环境与能源	Climate adaptation requires changes to farming practices.	适应气候变化需要调整农业生产方式。
resilience	n.	恢复力；适应力	社会与政策	Strong local networks improve community resilience during a crisis.	牢固的本地联系能提高社区在危机中的恢复力。
carbon	n.	碳	环境与能源	Forests store carbon and help regulate the climate.	森林储存碳并帮助调节气候。
consumption	n.	消耗；消费	经济与工作	Better insulation can reduce household energy consumption.	更好的隔热措施可以减少家庭能源消耗。
efficiency	n.	效率	科技与研究	Automation can improve efficiency in manufacturing.	自动化可以提高制造业的效率。
productivity	n.	生产率	经济与工作	Regular breaks may improve productivity during long working hours.	长时间工作期间定期休息可能提高生产率。
automation	n.	自动化	科技与研究	Automation is changing the skills required in many industries.	自动化正在改变许多行业所需的技能。
innovation	n.	创新	科技与研究	Public funding can encourage innovation in clean technology.	公共资金可以鼓励清洁技术创新。
artificial	adj.	人工的；人造的	科技与研究	Artificial lighting allows crops to grow indoors throughout the year.	人工照明使农作物能够全年在室内生长。
algorithm	n.	算法	科技与研究	The algorithm sorts applications according to clear criteria.	该算法根据明确的标准对申请进行排序。
privacy	n.	隐私	科技与研究	Users should understand how an application protects their privacy.	用户应了解应用程序如何保护他们的隐私。
surveillance	n.	监控；监视	科技与研究	Increased surveillance raises questions about personal privacy.	加强监控引发了有关个人隐私的问题。
digital	adj.	数字的	科技与研究	Digital services should be accessible to older residents.	数字服务应方便老年居民使用。
accessible	adj.	可使用的；易于到达的	社会与政策	Public buildings must be accessible to wheelchair users.	公共建筑必须方便轮椅使用者进出。
literacy	n.	读写能力	教育与学习	Adult literacy programmes can improve employment opportunities.	成人读写能力培训项目可以改善就业机会。
tuition	n.	教学；学费	教育与学习	Rising tuition fees may discourage students from low-income families.	不断上涨的学费可能使低收入家庭的学生望而却步。
scholarship	n.	奖学金	教育与学习	The scholarship covers accommodation and tuition fees.	这项奖学金涵盖住宿费和学费。
vocational	adj.	职业的；职业技术的	教育与学习	Vocational training prepares students for specific occupations.	职业培训帮助学生为特定职业做好准备。
qualification	n.	资格；资历	教育与学习	A recognised qualification can improve a graduate's employment prospects.	受认可的资格证书可以改善毕业生的就业前景。
enrolment	n.	入学；注册人数	教育与学习	University enrolment has increased over the past decade.	过去十年大学入学人数有所增加。
discipline	n.	学科；纪律	教育与学习	Economics is a discipline that examines choices about limited resources.	经济学是一门研究如何选择利用有限资源的学科。
autonomy	n.	自主权	教育与学习	Greater autonomy allows students to plan their own learning.	更大的自主权使学生能够规划自己的学习。
collaboration	n.	合作	科技与研究	International collaboration helps researchers share knowledge and equipment.	国际合作有助于研究人员共享知识和设备。
peer	n.	同龄人；同等地位的人	教育与学习	Feedback from a peer can reveal weaknesses in an argument.	同伴的反馈可以揭示论证中的不足。
critical	adj.	批判性的；关键的	教育与学习	Critical thinking helps students evaluate conflicting information.	批判性思维帮助学生评估相互矛盾的信息。
evaluate	v.	评价；评估	学术与论证	Researchers must evaluate the quality of their evidence.	研究人员必须评估证据的质量。
hypothesis	n.	假设	科技与研究	The experiment was designed to test a specific hypothesis.	该实验旨在检验一个特定假设。
empirical	adj.	实证的	科技与研究	The policy should be supported by empirical evidence.	这项政策应有实证证据支持。
methodology	n.	研究方法	科技与研究	The report explains the methodology used to collect data.	报告解释了收集数据所采用的研究方法。
correlation	n.	相关性	科技与研究	A correlation between two factors does not prove causation.	两个因素之间的相关性并不能证明因果关系。
causation	n.	因果关系	科技与研究	Establishing causation requires more than a simple comparison.	确定因果关系需要的不只是简单比较。
variable	n.	变量	科技与研究	The experiment changes only one variable at a time.	该实验每次只改变一个变量。
reliable	adj.	可靠的	学术与论证	Reliable data are essential for effective public planning.	可靠的数据对有效的公共规划至关重要。
valid	adj.	有效的；有根据的	学术与论证	This is a valid concern that deserves further investigation.	这是一个有根据的担忧，值得进一步调查。
bias	n.	偏差；偏见	学术与论证	A small sample can introduce bias into the results.	小样本可能使结果产生偏差。
sample	n.	样本	科技与研究	The sample includes participants from several age groups.	样本包含几个年龄组的参与者。
statistic	n.	统计数据	学术与论证	A single statistic cannot explain a complex social problem.	单个统计数据无法解释复杂的社会问题。
proportion	n.	比例	学术与论证	A growing proportion of residents travel to work by bicycle.	骑自行车上班的居民比例正在增加。
fluctuate	v.	波动	学术与论证	Food prices tend to fluctuate with changes in supply.	食品价格往往随着供应变化而波动。
plateau	n.	稳定期；高原	学术与论证	After rapid growth, sales reached a plateau in June.	快速增长之后，销售额在六月进入稳定期。
decline	n.	下降；减少	学术与论证	The chart shows a gradual decline in coal consumption.	图表显示煤炭消耗量逐渐下降。
projection	n.	预测	学术与论证	The population projection assumes that migration remains stable.	该人口预测假定迁移情况保持稳定。
demographic	adj.	人口统计的	社会与政策	Demographic changes affect demand for schools and healthcare.	人口结构变化影响对学校和医疗服务的需求。
ageing	n.	衰老；老龄化	社会与政策	Population ageing creates new challenges for public services.	人口老龄化给公共服务带来新的挑战。
fertility	n.	生育能力；肥力	社会与政策	A falling fertility rate can change the age structure of a population.	生育率下降可能改变人口的年龄结构。
dependency	n.	依赖	社会与政策	Better public transport can reduce dependency on private cars.	更好的公共交通可以减少对私家车的依赖。
pension	n.	养老金	社会与政策	A stable pension helps retired workers meet basic expenses.	稳定的养老金帮助退休人员支付基本开支。
welfare	n.	福利；福祉	社会与政策	Social welfare programmes support people during periods of unemployment.	社会福利项目在失业期间为人们提供支持。
subsidy	n.	补贴	经济与工作	The subsidy helps small farms invest in efficient equipment.	这项补贴帮助小型农场投资高效设备。
incentive	n.	激励；刺激	经济与工作	Lower taxes can provide an incentive to invest in clean energy.	降低税收可以激励人们投资清洁能源。
regulation	n.	法规；管理	社会与政策	Effective regulation can protect consumers from misleading claims.	有效的监管可以保护消费者免受误导性宣传的影响。
legislation	n.	法律；立法	社会与政策	New legislation requires companies to report their carbon emissions.	新法律要求企业报告碳排放量。
accountability	n.	问责；责任	社会与政策	Transparent spending records improve public accountability.	透明的支出记录有助于加强公共问责。
transparency	n.	透明度	社会与政策	Greater transparency can build trust in public institutions.	更高的透明度可以建立对公共机构的信任。
consensus	n.	共识	学术与论证	The committee reached a consensus after reviewing the evidence.	委员会在审查证据后达成了共识。
controversial	adj.	有争议的	学术与论证	The proposal remains controversial because of its social costs.	由于社会成本问题，这项提案仍然存在争议。
feasible	adj.	可行的	学术与论证	The study examines whether the proposed railway is financially feasible.	该研究考察拟建铁路在财务上是否可行。
viable	adj.	切实可行的	经济与工作	The company needs a viable plan for long-term growth.	公司需要一个切实可行的长期增长计划。
expenditure	n.	支出	经济与工作	Public expenditure on healthcare has risen steadily.	公共医疗支出稳步上升。
revenue	n.	收入；财政收入	经济与工作	Tourism provides an important source of revenue for the region.	旅游业为该地区提供了重要的收入来源。
deficit	n.	赤字；不足	经济与工作	The government plans to reduce the budget deficit gradually.	政府计划逐步减少预算赤字。
inflation	n.	通货膨胀	经济与工作	High inflation reduces the purchasing power of household income.	高通货膨胀会降低家庭收入的购买力。
recession	n.	经济衰退	经济与工作	Small businesses often struggle to obtain credit during a recession.	经济衰退期间，小企业往往难以获得信贷。
entrepreneur	n.	企业家；创业者	经济与工作	The entrepreneur developed a service for local food producers.	这位创业者为当地食品生产者开发了一项服务。
entrepreneurship	n.	创业；企业家精神	经济与工作	Access to affordable loans can encourage entrepreneurship.	获得低成本贷款可以鼓励创业。
outsourcing	n.	外包	经济与工作	Outsourcing can lower costs but may reduce control over quality.	外包可以降低成本，但可能削弱对质量的控制。
globalisation	n.	全球化	经济与工作	Globalisation has increased competition between manufacturers.	全球化加剧了制造商之间的竞争。
congestion	n.	拥堵	城市与交通	Reliable bus services can reduce traffic congestion.	可靠的公交服务可以减少交通拥堵。
commute	v.	通勤	城市与交通	Many employees commute from smaller towns to the city centre.	许多员工从小城镇通勤到市中心。
pedestrian	n.	行人	城市与交通	The new crossing gives each pedestrian more time to cross safely.	新的人行横道让每位行人都有更多时间安全过街。
affordable	adj.	负担得起的	城市与交通	Affordable housing allows essential workers to live near their jobs.	可负担的住房使关键服务行业的工作人员能够住在工作地点附近。
sanitation	n.	卫生设施；环境卫生	健康与生活	Improved sanitation can prevent the spread of disease.	改善卫生设施可以防止疾病传播。
nutrition	n.	营养	健康与生活	Good nutrition supports children's physical and mental development.	良好的营养有助于儿童的身心发展。
sedentary	adj.	久坐的	健康与生活	A sedentary lifestyle can increase the risk of health problems.	久坐的生活方式可能增加出现健康问题的风险。
obesity	n.	肥胖	健康与生活	Preventing childhood obesity requires action at home and at school.	预防儿童肥胖需要家庭和学校共同采取行动。
preventive	adj.	预防性的	健康与生活	Preventive care can reduce the need for expensive treatment later.	预防性保健可以减少日后对昂贵治疗的需求。
wellbeing	n.	健康与幸福	健康与生活	Access to green spaces can improve residents' wellbeing.	能够使用绿地可以改善居民的身心健康。
economic	adj.	经济的	经济与工作	Economic growth does not always reduce social inequality.	经济增长并不总能减少社会不平等。
administration	n.	管理；行政	社会与政策	Efficient administration can reduce delays in public services.	高效的行政管理可以减少公共服务中的延误。
congress	n.	代表大会；国会	社会与政策	The international congress brought together researchers from many countries.	这次国际大会汇集了来自许多国家的研究人员。
behaviour	n.	行为	社会与政策	Advertising can influence consumer behaviour in subtle ways.	广告可以以微妙的方式影响消费者行为。
agency	n.	机构；代理处	社会与政策	The environmental agency monitors air quality across the region.	环境机构监测整个地区的空气质量。
significant	adj.	显著的；重要的	学术与论证	The study found a significant difference between the groups.	研究发现这些群体之间存在显著差异。
establish	v.	建立；确立	社会与政策	Local organisations can establish networks to support new residents.	地方组织可以建立网络来支持新居民。
trial	n.	试验	科技与研究	The clinical trial will assess the treatment's effectiveness.	这项临床试验将评估治疗的有效性。
institution	n.	机构；制度	教育与学习	Each institution sets its own requirements for admission.	每所机构都制定自己的入学要求。
tough	adj.	艰难的；坚韧的	经济与工作	Small businesses face tough competition from international companies.	小企业面临来自国际公司的激烈竞争。
consumer	n.	消费者	经济与工作	Better product information helps the consumer make informed choices.	更好的产品信息帮助消费者作出明智的选择。
assume	v.	假定；认为	学术与论证	We cannot assume that all participants have internet access.	我们不能假定所有参与者都能上网。
eventually	adv.	最终	环境与能源	Untreated waste may eventually reach the ocean.	未经处理的废物最终可能进入海洋。
recall	v.	回想；召回	教育与学习	Regular practice helps learners recall new vocabulary.	定期练习帮助学习者回想起新词汇。
species	n.	物种	环境与能源	Several species depend on this wetland for survival.	若干物种依靠这片湿地生存。
potential	n.	潜力	科技与研究	The technology has the potential to reduce energy costs.	这项技术具有降低能源成本的潜力。
contract	n.	合同	经济与工作	The contract clearly defines each partner's responsibilities.	合同明确规定了每位合作伙伴的责任。
previous	adj.	先前的	学术与论证	The findings are consistent with previous research.	这些发现与先前的研究一致。
deliver	v.	提供；递送	社会与政策	Local partnerships can deliver better services at lower cost.	地方合作可以以更低成本提供更好的服务。
facility	n.	设施	城市与交通	The new facility will process household waste safely.	新设施将安全处理生活垃圾。
emerge	v.	出现	科技与研究	New patterns may emerge as more data become available.	随着更多数据可用，新的模式可能出现。
basis	n.	基础；依据	学术与论证	Reliable evidence forms the basis of a strong argument.	可靠的证据构成有力论证的基础。
contribute	v.	贡献；促成	环境与能源	Private gardens can contribute to urban biodiversity.	私人花园可以促进城市生物多样性。
identity	n.	身份；认同	文化与交流	Language plays an important role in cultural identity.	语言在文化认同中发挥重要作用。
promote	v.	促进；推广	健康与生活	Public campaigns can promote healthier eating habits.	公共宣传活动可以促进更健康的饮食习惯。
annual	adj.	每年的	经济与工作	The annual report includes details of environmental performance.	年度报告包含环境表现的详细信息。
demonstrate	v.	证明；展示	学术与论证	These results demonstrate the value of early intervention.	这些结果证明了早期干预的价值。
engage	v.	参与；吸引	教育与学习	Practical activities can engage students in scientific learning.	实践活动可以吸引学生参与科学学习。
perspective	n.	观点；视角	学术与论证	International experience can offer a different perspective on education.	国际经验可以提供不同的教育视角。
extend	v.	延长；扩展	城市与交通	The city plans to extend the railway network.	该城市计划扩展铁路网络。
combine	v.	结合	教育与学习	Effective courses combine theoretical knowledge with practical experience.	有效的课程将理论知识与实践经验相结合。
category	n.	类别	学术与论证	Each response was placed in a separate category.	每项回答都被归入一个单独的类别。
appropriate	adj.	适当的	学术与论证	Researchers must choose an appropriate method for each question.	研究人员必须为每个问题选择适当的方法。
domestic	adj.	国内的；家庭的	经济与工作	Domestic demand can support growth when exports decline.	当出口下降时，国内需求可以支持增长。
expand	v.	扩大	经济与工作	The programme aims to expand opportunities for young entrepreneurs.	该项目旨在扩大年轻创业者的机会。
corporate	adj.	公司的；企业的	经济与工作	Corporate decisions can have lasting effects on local communities.	企业决策可能对当地社区产生持久影响。
explore	v.	探索；探讨	科技与研究	The study will explore alternatives to conventional packaging.	该研究将探索传统包装的替代方案。
panel	n.	专家小组；面板	学术与论证	An independent panel reviewed the evidence before making recommendations.	一个独立专家小组在提出建议之前审查了证据。
commitment	n.	承诺；投入	社会与政策	Long-term progress requires a commitment to fair access.	长期进步需要致力于公平获取机会。
regional	adj.	地区的	经济与工作	Regional cooperation can improve transport links and trade.	区域合作可以改善交通联系和贸易。
shift	n.	转变	经济与工作	The shift towards remote work has changed office demand.	向远程工作的转变改变了对办公空间的需求。
trend	n.	趋势	学术与论证	The graph shows a steady upward trend in demand.	图表显示需求呈稳定上升趋势。
profit	n.	利润	经济与工作	The company reinvests part of its profit in research.	公司将部分利润重新投入研究。
notion	n.	观念；想法	学术与论证	The evidence challenges the notion that growth benefits everyone equally.	证据对增长使所有人平等受益的观念提出了质疑。
capture	v.	捕捉；记录	科技与研究	The survey cannot capture every aspect of student experience.	这项调查无法记录学生体验的每个方面。
internal	adj.	内部的	经济与工作	An internal review identified problems with staff communication.	一次内部审查发现了员工沟通方面的问题。
ethnic	adj.	民族的；族群的	文化与交流	The festival celebrates the region's ethnic and cultural diversity.	这个节日庆祝该地区的族群和文化多样性。
contrast	n.	对比；差异	学术与论证	There is a clear contrast between urban and rural services.	城市与农村的服务存在明显差异。
ultimately	adv.	最终；归根结底	学术与论证	The policy's success ultimately depends on public participation.	该政策的成功最终取决于公众参与。
contribution	n.	贡献	科技与研究	Her contribution helped the team develop a cheaper solution.	她的贡献帮助团队开发了成本更低的解决方案。
estate	n.	地产；住宅区	城市与交通	The housing estate includes shared gardens and a community centre.	这个住宅区设有共享花园和社区中心。
circumstance	n.	情况；条件	学术与论证	A change in circumstance may require a different response.	情况的变化可能需要不同的应对方式。
percentage	n.	百分比	学术与论证	The percentage of households with internet access increased steadily.	拥有互联网接入的家庭百分比稳步上升。
relief	n.	缓解；救济	社会与政策	Emergency relief provides food and shelter after natural disasters.	紧急救济在自然灾害后提供食物和住所。
gender	n.	性别	社会与政策	The report examines gender differences in employment opportunities.	报告研究了就业机会中的性别差异。
landscape	n.	景观；形势	环境与能源	New roads can permanently alter a rural landscape.	新道路可能永久改变乡村景观。
confirm	v.	确认；证实	学术与论证	Further studies are needed to confirm these findings.	需要进一步研究来证实这些发现。
perception	n.	看法；感知	文化与交流	Media coverage can influence public perception of scientific risks.	媒体报道可以影响公众对科学风险的看法。
coverage	n.	报道；覆盖范围	文化与交流	Balanced coverage helps readers understand different viewpoints.	平衡的报道帮助读者理解不同观点。
requirement	n.	要求	教育与学习	Practical experience is a requirement for this qualification.	实践经验是获得这项资格的要求。
intervention	n.	干预	健康与生活	Early intervention can prevent minor problems from becoming serious.	早期干预可以防止小问题变得严重。
overall	adj.	总体的	学术与论证	The overall impact depends on how the policy is implemented.	总体影响取决于政策如何实施。
initial	adj.	最初的	学术与论证	Initial results suggest that the new method saves time.	最初的结果表明新方法可以节省时间。
contemporary	adj.	当代的	文化与交流	The museum displays contemporary art alongside traditional crafts.	这家博物馆同时展示当代艺术和传统手工艺。
faculty	n.	院系；全体教师	教育与学习	The engineering faculty offers several courses on renewable energy.	工程学院开设了几门可再生能源课程。
massive	adj.	巨大的	城市与交通	The railway project requires massive investment in infrastructure.	铁路项目需要对基础设施进行巨额投资。
invest	v.	投资	经济与工作	Companies should invest in training as well as equipment.	企业应同时投资于培训和设备。
expose	v.	使接触；揭露	教育与学习	Exchange programmes expose students to different ways of life.	交流项目使学生接触不同的生活方式。
rural	adj.	农村的	城市与交通	Reliable internet access can improve opportunities in rural areas.	可靠的互联网接入可以改善农村地区的机会。
assess	v.	评估	学术与论证	The survey will assess public satisfaction with local services.	该调查将评估公众对当地服务的满意度。
virtually	adv.	几乎	科技与研究	The new system requires virtually no manual data entry.	新系统几乎不需要手动输入数据。
acquire	v.	获得；习得	教育与学习	Students acquire useful skills through supervised practical work.	学生通过有指导的实践工作获得实用技能。
technical	adj.	技术的	科技与研究	Technical knowledge alone does not guarantee effective teamwork.	仅有技术知识不能保证有效的团队合作。
immigrant	n.	移民	社会与政策	Each immigrant brings skills and experiences to the community.	每位移民都为社区带来技能和经验。
depression	n.	抑郁；萧条	健康与生活	Social support can help people cope with depression.	社会支持可以帮助人们应对抑郁。
creation	n.	创造；创建	经济与工作	Investment in local businesses supports the creation of jobs.	对当地企业的投资支持就业岗位的创造。
dramatic	adj.	显著的；剧烈的	学术与论证	The chart shows a dramatic increase in online sales.	图表显示线上销售额显著增加。
agenda	n.	议程	社会与政策	Affordable housing is high on the council's agenda.	可负担住房是市政委员会议程中的重点。
selection	n.	选择；筛选	教育与学习	The selection process should be fair and transparent.	筛选过程应当公平且透明。
initiative	n.	倡议；主动性	社会与政策	The initiative encourages residents to share tools and equipment.	这项倡议鼓励居民共享工具和设备。
therapy	n.	治疗	健康与生活	Regular therapy can help patients regain physical strength.	定期治疗可以帮助患者恢复体力。
visual	adj.	视觉的	教育与学习	Visual examples can make complex ideas easier to understand.	视觉示例可以使复杂概念更容易理解。
perceive	v.	感知；认为	社会与政策	People may perceive the same risk in different ways.	人们可能以不同方式看待同一种风险。
settlement	n.	定居点；解决	城市与交通	The settlement developed near a reliable source of water.	这个定居点在可靠的水源附近发展起来。
transform	v.	改变；转变	科技与研究	Affordable technology can transform access to medical advice.	价格可负担的技术可以改变人们获得医疗建议的方式。
consist	v.	由……组成	教育与学习	The course will consist of lectures and practical workshops.	该课程将由讲座和实践研讨课组成。
resistance	n.	抵抗；阻力	社会与政策	Public resistance delayed the introduction of the new charges.	公众的反对推迟了新收费的实施。
exposure	n.	接触；暴露	健康与生活	Prolonged exposure to noise can affect concentration.	长期接触噪音可能影响注意力。
coalition	n.	联盟	社会与政策	A coalition of local groups proposed a recycling scheme.	一个地方团体联盟提出了一项回收计划。
symptom	n.	症状	健康与生活	Persistent tiredness can be a symptom of poor sleep.	持续疲劳可能是睡眠不佳的症状。
numerous	adj.	众多的	学术与论证	Numerous studies have examined the benefits of regular exercise.	众多研究考察了定期运动的益处。
moreover	adv.	此外；而且	学术与论证	The service is affordable; moreover, it is easy to use.	这项服务价格可负担，而且使用方便。
intense	adj.	强烈的	经济与工作	Intense competition encourages firms to improve product quality.	激烈的竞争促使企业提高产品质量。
inspire	v.	激励；启发	教育与学习	Practical demonstrations can inspire an interest in science.	实践演示可以激发人们对科学的兴趣。
adjust	v.	调整	经济与工作	Employers can adjust working hours to support parents.	雇主可以调整工作时间来支持有孩子的员工。
visible	adj.	可见的；明显的	环境与能源	The benefits of restoration are already visible along the river.	修复工作的益处在河流沿岸已经显现。
dominate	v.	占主导地位	经济与工作	A few large companies dominate the domestic market.	少数大型企业主导着国内市场。
transfer	v.	转移；转让	科技与研究	Universities can transfer useful knowledge to local businesses.	大学可以向当地企业传递实用知识。
prospect	n.	前景；可能性	经济与工作	The prospect of stable employment attracts young graduates.	稳定就业的前景吸引着年轻毕业生。
severe	adj.	严重的	环境与能源	Severe drought can damage crops and reduce food supplies.	严重干旱可能损害农作物并减少食物供应。
enhance	v.	提高；增强	教育与学习	Constructive feedback can enhance the quality of student writing.	建设性的反馈可以提高学生写作的质量。
impose	v.	实施；强加	社会与政策	The council may impose restrictions on traffic near schools.	市政委员会可能对学校附近的交通实施限制。
illustrate	v.	说明；阐明	学术与论证	These examples illustrate how culture influences communication.	这些例子说明文化如何影响沟通。
psychological	adj.	心理的	健康与生活	Long working hours can create psychological pressure.	长时间工作可能造成心理压力。
disorder	n.	紊乱；疾病	健康与生活	A sleep disorder can affect memory and concentration.	睡眠障碍可能影响记忆力和注意力。
distribution	n.	分配；分布	社会与政策	The map shows the distribution of public libraries.	地图显示了公共图书馆的分布。
transportation	n.	运输	城市与交通	Efficient transportation reduces the cost of delivering fresh food.	高效运输降低了配送新鲜食品的成本。
commission	n.	委员会；佣金	社会与政策	The commission recommended changes to the planning process.	委员会建议改变规划流程。
veteran	n.	经验丰富的人	经济与工作	An industry veteran can offer practical advice to new entrepreneurs.	行业资深人士可以为新创业者提供实用建议。
crucial	adj.	至关重要的	学术与论证	Public trust is crucial to the success of vaccination programmes.	公众信任对疫苗接种项目的成功至关重要。
confront	v.	面对；处理	社会与政策	Governments must confront the causes of persistent inequality.	政府必须面对持续不平等的成因。
dimension	n.	方面；维度	学术与论证	The report explores the social dimension of economic change.	报告探讨了经济变化的社会层面。
publication	n.	出版；出版物	学术与论证	The findings were reviewed carefully before publication.	研究结果在发表前经过了仔细审查。
anxiety	n.	焦虑	健康与生活	Clear information can reduce anxiety before a medical procedure.	清晰的信息可以减少医疗操作前的焦虑。
convention	n.	惯例；大会	文化与交流	Academic writing follows a convention of acknowledging sources.	学术写作遵循注明来源的惯例。
embrace	v.	接受；拥抱	科技与研究	Businesses must embrace change while protecting customer privacy.	企业必须在保护客户隐私的同时接受变化。
exhibition	n.	展览	文化与交流	The exhibition explores the relationship between technology and art.	展览探讨了技术与艺术之间的关系。
consultant	n.	顾问	经济与工作	The consultant proposed a more efficient delivery system.	顾问提出了一个效率更高的配送系统。
administrator	n.	管理人员	教育与学习	The administrator coordinates support services for international students.	管理人员协调面向国际学生的支持服务。
historic	adj.	有历史意义的	文化与交流	The town protects its historic buildings through careful planning.	该镇通过细致规划保护具有历史意义的建筑。
enterprise	n.	企业；事业	经济与工作	The social enterprise reinvests its profits in community projects.	这家社会企业将利润重新投入社区项目。
apparent	adj.	明显的；表面上的	学术与论证	The apparent improvement may reflect a change in measurement.	表面上的改善可能反映了测量方法的变化。
aggressive	adj.	激进的；有攻击性的	经济与工作	Aggressive marketing can encourage unnecessary consumption.	激进的营销可能鼓励不必要的消费。
protein	n.	蛋白质	健康与生活	Beans provide an affordable source of protein.	豆类提供了一种价格可负担的蛋白质来源。
historian	n.	历史学家	文化与交流	The historian compared written records with archaeological evidence.	历史学家将书面记录与考古证据进行了比较。
restore	v.	恢复；修复	环境与能源	Local volunteers helped restore the damaged wetland.	当地志愿者帮助修复了受损湿地。
origin	n.	起源；来源	文化与交流	The museum explains the origin of local farming traditions.	博物馆解释了当地农业传统的起源。
biological	adj.	生物的	科技与研究	Biological processes can help remove pollutants from water.	生物过程可以帮助清除水中的污染物。
assure	v.	向……保证	社会与政策	Officials must assure residents that their concerns are being heard.	官员必须向居民保证他们的担忧正得到倾听。
utility	n.	公用事业；效用	城市与交通	The utility company is upgrading the water supply network.	公用事业公司正在升级供水网络。
arise	v.	出现；产生	学术与论证	Conflicts can arise when responsibilities are not clearly defined.	责任界定不清时可能产生冲突。
stake	n.	利害关系；股份	经济与工作	Residents have a stake in the success of local businesses.	当地企业的成功与居民有利害关系。
refugee	n.	难民	社会与政策	The programme helps each refugee access language classes and employment advice.	该项目帮助每位难民获得语言课程和就业建议。
incorporate	v.	纳入；包含	教育与学习	The course will incorporate feedback from former students.	该课程将纳入往届学生的反馈。
assumption	n.	假设	学术与论证	The model relies on an assumption of stable demand.	该模型依赖于需求稳定的假设。
barrier	n.	障碍	社会与政策	High transport costs can be a barrier to employment.	高昂的交通费用可能成为就业障碍。
assign	v.	分配；指派	经济与工作	Managers should assign tasks according to skills and experience.	管理者应根据技能和经验分配任务。
provision	n.	提供；条款	社会与政策	The provision of affordable childcare supports working parents.	提供价格可负担的托育服务支持了在职父母。
universal	adj.	普遍的；通用的	社会与政策	Universal access to clean water remains an important goal.	人人都能获得清洁用水仍是一个重要目标。
testimony	n.	证词；证据	社会与政策	The inquiry considered testimony from residents and independent experts.	调查考虑了居民和独立专家的证词。
mechanism	n.	机制	学术与论证	The study examines the mechanism behind this change.	该研究考察了这一变化背后的机制。
penalty	n.	处罚；罚款	社会与政策	A financial penalty may discourage illegal waste dumping.	经济处罚可能遏制非法倾倒废物。
infection	n.	感染	健康与生活	Good hygiene can reduce the risk of infection.	良好的卫生习惯可以降低感染风险。
strategic	adj.	战略性的	经济与工作	Strategic investment can strengthen a region's long-term competitiveness.	战略性投资可以增强地区的长期竞争力。
dispute	n.	争议；纠纷	社会与政策	Mediation helped resolve the dispute over land use.	调解帮助解决了土地使用纠纷。
statistics	n.	统计学；统计数据	学术与论证	Official statistics show a gradual improvement in employment.	官方统计数据显示就业情况逐渐改善。
occupy	v.	占据	城市与交通	Green spaces occupy a small proportion of the city.	绿地占据了该城市的一小部分面积。
accurate	adj.	准确的	学术与论证	Accurate measurements are essential for a reliable comparison.	准确的测量对于可靠的比较至关重要。
expansion	n.	扩张；扩大	城市与交通	The expansion of the airport has increased local traffic.	机场扩建增加了当地交通流量。
detect	v.	发现；检测	科技与研究	Sensors can detect small changes in water quality.	传感器可以检测水质的微小变化。
tremendous	adj.	巨大的	科技与研究	The discovery created tremendous interest among medical researchers.	这一发现引起了医学研究人员的极大兴趣。
awareness	n.	意识；认识	环境与能源	School projects can raise awareness of environmental problems.	学校项目可以提高人们对环境问题的认识。
withdraw	v.	撤回；退出	学术与论证	Participants may withdraw from the study at any time.	参与者可以随时退出研究。
mutual	adj.	相互的；共同的	文化与交流	Successful cooperation depends on mutual respect and trust.	成功的合作取决于相互尊重与信任。
finance	n.	资金；金融	经济与工作	Access to finance helps small firms develop new products.	获得资金有助于小企业开发新产品。
relevant	adj.	相关的	学术与论证	The essay should include evidence relevant to the question.	文章应包含与问题相关的证据。
protest	n.	抗议	社会与政策	The peaceful protest drew attention to rising housing costs.	和平抗议使人们关注不断上涨的住房成本。
insight	n.	深入了解；洞察	学术与论证	Interviews provide insight into how residents use public spaces.	访谈使人们深入了解居民如何使用公共空间。
extensive	adj.	广泛的；大量的	科技与研究	The proposal is based on extensive research and consultation.	这项提案以广泛的研究和咨询为基础。
considerable	adj.	相当大的	经济与工作	The new system has generated considerable savings.	新系统节省了相当多的费用。
prior	adj.	先前的	学术与论证	No prior experience is required to join the workshop.	参加工作坊不需要先前的经验。
intellectual	adj.	智力的；思想的	教育与学习	Universities should encourage intellectual curiosity and independent thought.	大学应鼓励求知欲和独立思考。
characterise	v.	描述……的特点	学术与论证	Several common features characterise successful community projects.	成功的社区项目具有若干共同特点。
external	adj.	外部的	经济与工作	External demand has a strong influence on export industries.	外部需求对出口行业有很大影响。
controversy	n.	争议	社会与政策	The proposed development has caused controversy among local residents.	拟议的开发项目在当地居民中引发了争议。
alter	v.	改变	环境与能源	Warmer temperatures can alter the timing of plant growth.	气温升高可能改变植物生长的时间。
prominent	adj.	突出的；重要的	文化与交流	Public libraries play a prominent role in community life.	公共图书馆在社区生活中发挥重要作用。
presentation	n.	展示；演示	教育与学习	A clear presentation helps the audience follow complex arguments.	清晰的演示帮助听众理解复杂论证。
elderly	adj.	年老的	社会与政策	The service helps elderly residents remain independent.	这项服务帮助老年居民保持独立生活。
violate	v.	违反	社会与政策	Companies that violate safety rules may face substantial fines.	违反安全规定的企业可能面临巨额罚款。
distinction	n.	区别	学术与论证	The report makes a distinction between correlation and causation.	报告区分了相关性与因果关系。
segment	n.	部分；群体	经济与工作	This market segment is particularly sensitive to price changes.	这一细分市场对价格变化尤为敏感。
variation	n.	变化；差异	学术与论证	The data reveal considerable variation between regions.	数据显示地区之间存在相当大的差异。
correspondent	n.	记者；通讯员	文化与交流	The correspondent interviewed residents affected by the new policy.	记者采访了受新政策影响的居民。
vessel	n.	船舶；容器	城市与交通	The research vessel collects samples from deep ocean waters.	这艘科考船从深海水域采集样本。
storage	n.	储存	科技与研究	Better energy storage makes renewable power more reliable.	更好的储能技术使可再生能源发电更加可靠。
distribute	v.	分配；分发	社会与政策	Local volunteers distribute supplies to isolated communities.	当地志愿者向偏远社区分发物资。
vulnerable	adj.	脆弱的；易受伤害的	社会与政策	The policy provides additional support for vulnerable households.	该政策为弱势家庭提供额外支持。
stability	n.	稳定	经济与工作	Economic stability allows firms to plan long-term investments.	经济稳定使企业能够规划长期投资。
framework	n.	框架	学术与论证	The framework helps researchers compare different education systems.	该框架帮助研究人员比较不同的教育体系。
ongoing	adj.	持续的	科技与研究	Ongoing research will assess the long-term effects of the treatment.	持续开展的研究将评估治疗的长期效果。
psychology	n.	心理学	教育与学习	Psychology can help explain how people make decisions.	心理学可以帮助解释人们如何作出决定。
sustain	v.	维持；支撑	经济与工作	Small businesses need reliable demand to sustain growth.	小企业需要可靠的需求来维持增长。
frequency	n.	频率	城市与交通	Increasing bus frequency can make public transport more attractive.	增加公交班次可以提高公共交通的吸引力。
preference	n.	偏好	经济与工作	The survey reveals a preference for locally produced food.	调查显示人们偏好本地生产的食品。
qualify	v.	取得资格；符合条件	教育与学习	Applicants must complete practical training to qualify for the role.	申请者必须完成实践培训才能胜任这一职位。
derive	v.	获得；源自	学术与论证	Researchers derive conclusions from carefully collected evidence.	研究人员从仔细收集的证据中得出结论。
resemble	v.	类似；像	科技与研究	The new material can resemble wood without using trees.	这种新材料无需使用树木就能呈现类似木材的外观。
guideline	n.	指导原则	社会与政策	Each guideline explains how to protect personal information.	每项指导原则都说明如何保护个人信息。
conviction	n.	坚定的信念	文化与交流	Her conviction that education matters motivated years of volunteer work.	她对教育重要性的坚定信念激励了多年的志愿工作。
maintenance	n.	维护；保养	城市与交通	Regular maintenance extends the life of public infrastructure.	定期维护延长了公共基础设施的使用寿命。
ratio	n.	比率	学术与论证	The ratio of students to teachers varies between institutions.	不同机构的师生比有所不同。
narrative	n.	叙述	文化与交流	A personal narrative can make historical events more accessible.	个人叙述可以让历史事件更容易理解。
modest	adj.	适度的；不大的	经济与工作	A modest investment can produce substantial improvements in efficiency.	适度的投资可以大幅提高效率。
prompt	v.	促使	社会与政策	Public feedback may prompt officials to revise the proposal.	公众反馈可能促使官员修改提案。
motivation	n.	动力；动机	教育与学习	Clear goals can strengthen a student's motivation to learn.	明确的目标可以增强学生的学习动力。
overlook	v.	忽视	学术与论证	Large surveys sometimes overlook the needs of smaller communities.	大型调查有时会忽视较小社区的需求。
undergo	v.	经历；接受	科技与研究	New products undergo extensive testing before release.	新产品在发布前接受广泛测试。
sequence	n.	顺序	学术与论证	The diagram shows the sequence of steps in production.	图示展示了生产步骤的顺序。
assert	v.	断言；主张	学术与论证	Some researchers assert that context matters more than individual ability.	一些研究人员主张环境比个人能力更重要。
dominant	adj.	占主导地位的	经济与工作	Tourism is the dominant source of income in the region.	旅游业是该地区占主导地位的收入来源。
anticipate	v.	预期；预料	经济与工作	Businesses must anticipate changes in consumer demand.	企业必须预判消费者需求的变化。
legitimate	adj.	合理的；合法的	社会与政策	Residents have legitimate concerns about increased traffic noise.	居民对交通噪音增加的担忧是合理的。
orientation	n.	方向；入门培训	教育与学习	The orientation programme helps new students understand university services.	入学培训项目帮助新生了解大学服务。
cluster	n.	群；集群	科技与研究	A cluster of technology firms has developed near the university.	大学附近形成了一个科技企业集群。
dependent	adj.	依赖的	经济与工作	The local economy is heavily dependent on tourism.	当地经济高度依赖旅游业。
depict	v.	描绘	文化与交流	The paintings depict everyday life in a changing city.	这些画作描绘了变化中的城市日常生活。
mortgage	n.	住房抵押贷款	经济与工作	Higher interest rates increase the cost of a mortgage.	利率上升增加了住房抵押贷款的成本。
sanction	n.	制裁；处罚	社会与政策	A trade sanction can affect businesses beyond the targeted industry.	贸易制裁可能影响目标行业以外的企业。
civilian	n.	平民	社会与政策	Emergency shelters should be accessible to every civilian.	紧急避难所应方便每位平民使用。
devote	v.	投入；致力于	教育与学习	Students should devote time to reviewing difficult concepts.	学生应投入时间复习难懂的概念。
measurement	n.	测量	科技与研究	Precise measurement helps researchers detect small changes.	精确测量帮助研究人员发现微小变化。
summit	n.	峰会；顶峰	社会与政策	The climate summit focused on practical forms of cooperation.	气候峰会聚焦于切实可行的合作方式。
impressive	adj.	令人印象深刻的	科技与研究	The new design achieved impressive reductions in energy use.	新设计显著降低了能源使用量。
portray	v.	描绘；刻画	文化与交流	Documentaries can portray experiences that rarely receive public attention.	纪录片可以呈现很少受到公众关注的经历。
subsequent	adj.	随后的	学术与论证	Subsequent research confirmed the importance of the original findings.	后续研究证实了最初发现的重要性。
frequent	adj.	频繁的	城市与交通	Frequent delays discourage commuters from using public transport.	频繁延误使通勤者不愿使用公共交通。
rhythm	n.	节奏	健康与生活	A regular sleep rhythm supports concentration during the day.	规律的睡眠节奏有助于白天集中注意力。
exceed	v.	超过	经济与工作	The final cost may exceed the original estimate.	最终成本可能超过最初的估计。
script	n.	脚本；剧本	文化与交流	The script was revised to make the message clearer.	脚本经过修改，使信息更加清晰。
tactic	n.	策略；手段	经济与工作	Offering free samples is a common marketing tactic.	提供免费样品是一种常见的营销策略。
identification	n.	识别；身份证明	科技与研究	Accurate identification of defects can reduce material waste.	准确识别缺陷可以减少材料浪费。
margin	n.	差额；余地	经济与工作	Rising material costs have reduced the company's profit margin.	材料成本上涨降低了公司的利润率。
prescription	n.	处方	健康与生活	The pharmacist explained how to follow the prescription safely.	药剂师解释了如何安全地按照处方用药。
recruit	v.	招聘；招募	经济与工作	Local firms struggle to recruit workers with technical skills.	当地企业难以招聘具备技术技能的员工。
colonial	adj.	殖民时期的	文化与交流	The museum examines the city's colonial history.	博物馆研究了这座城市的殖民时期历史。
reinforce	v.	加强；巩固	教育与学习	Practical exercises reinforce the concepts introduced in lectures.	实践练习巩固了讲座中介绍的概念。
confusion	n.	困惑；混乱	文化与交流	Clear instructions can prevent confusion among new users.	清晰的说明可以避免新用户感到困惑。
cognitive	adj.	认知的	健康与生活	Regular exercise may support cognitive health in older adults.	定期运动可能有助于维护老年人的认知健康。
attribute	v.	把……归因于	学术与论证	We should not attribute every change to a single cause.	我们不应将每个变化都归因于单一原因。
fitness	n.	健康；体能	健康与生活	Daily walking can improve physical fitness without expensive equipment.	每天步行无需昂贵设备就能改善体能。
container	n.	容器；集装箱	环境与能源	A reusable container can replace several disposable packages.	一个可重复使用的容器可以替代多个一次性包装。
highlight	v.	突出；强调	学术与论证	The results highlight the need for better public information.	结果强调了改善公共信息的必要性。
decrease	n.	减少	学术与论证	The chart records a steady decrease in water consumption.	图表记录了用水量的稳步下降。
alliance	n.	联盟	社会与政策	The alliance brings together organisations working on food security.	该联盟汇集了致力于粮食安全的组织。
compose	v.	创作；组成	文化与交流	Students compose short pieces using traditional musical instruments.	学生使用传统乐器创作短曲。
counsel	n.	建议；法律顾问	社会与政策	Independent legal counsel helps residents understand their rights.	独立法律顾问帮助居民了解自身权利。
sculpture	n.	雕塑	文化与交流	The public sculpture reflects the town's industrial heritage.	这座公共雕塑反映了该镇的工业遗产。
compound	n.	化合物	科技与研究	The compound breaks down naturally in sunlight.	这种化合物在阳光下会自然分解。
integrate	v.	整合；融入	教育与学习	Teachers can integrate digital resources into classroom activities.	教师可以将数字资源融入课堂活动。
subtle	adj.	微妙的	文化与交流	Subtle differences in wording can change how a message is understood.	措辞上的微妙差异可能改变人们对信息的理解。
curve	n.	曲线	学术与论证	The curve shows how demand changes as prices rise.	曲线显示了价格上涨时需求如何变化。
integrity	n.	诚信；完整性	学术与论证	Research integrity requires honest reporting of all results.	科研诚信要求如实报告所有结果。
entitle	v.	给予……权利	社会与政策	The membership will entitle residents to use shared facilities.	会员资格将赋予居民使用共享设施的权利。
exclude	v.	排除	学术与论证	The study does not exclude participants with limited digital skills.	该研究不排除数字技能有限的参与者。
harsh	adj.	严酷的；严厉的	环境与能源	Harsh weather conditions make farming difficult in this region.	严酷的天气条件使该地区的农业生产十分困难。
interior	n.	内部	城市与交通	The building's interior uses natural light to reduce energy consumption.	建筑内部利用自然光减少能源消耗。
reverse	v.	逆转	环境与能源	Restoring native vegetation can help reverse soil degradation.	恢复本地植被可以帮助逆转土壤退化。
initiate	v.	发起；开始	社会与政策	Residents can initiate projects to improve shared spaces.	居民可以发起项目来改善共享空间。
motivate	v.	激励	教育与学习	Meaningful feedback can motivate students to keep practising.	有意义的反馈可以激励学生继续练习。
render	v.	使成为	科技与研究	Software updates can render older equipment incompatible with new systems.	软件更新可能使旧设备无法兼容新系统。
seemingly	adv.	看似；表面上	学术与论证	A seemingly minor change can have substantial consequences.	一个看似微小的变化可能带来重大后果。
enforce	v.	执行；强制实施	社会与政策	Local authorities must enforce building safety standards consistently.	地方当局必须一致地执行建筑安全标准。
fraud	n.	欺诈	经济与工作	Clear verification procedures help protect customers from fraud.	明确的核验程序有助于保护客户免受欺诈。
contend	v.	主张；应对	学术与论证	Some experts contend that smaller classes improve learning outcomes.	一些专家主张小班教学能改善学习成果。
array	n.	一系列	科技与研究	The laboratory uses an array of sensors to monitor conditions.	实验室使用一系列传感器监测环境状况。
assemble	v.	组装；集合	科技与研究	Workers assemble the components before testing the final product.	工人在测试最终产品之前组装零部件。
inevitable	adj.	不可避免的	学术与论证	Some disruption is inevitable during major infrastructure repairs.	重大基础设施维修期间，一些干扰不可避免。
facilitate	v.	促进；使便利	文化与交流	Shared digital tools facilitate communication between international teams.	共享数字工具促进国际团队之间的沟通。
obstacle	n.	障碍	经济与工作	Limited access to credit remains an obstacle for small businesses.	获得信贷的机会有限仍是小企业面临的障碍。
ownership	n.	所有权	社会与政策	Shared ownership can make expensive equipment more accessible.	共同所有权可以使昂贵设备更易于获得。
supervisor	n.	主管；导师	教育与学习	The supervisor helped the student refine the research question.	导师帮助学生完善了研究问题。
arena	n.	领域；竞技场	社会与政策	The debate has moved into the international arena.	这场辩论已进入国际领域。
consult	v.	咨询；征求意见	社会与政策	Planners should consult residents before changing public spaces.	规划者在改变公共空间前应征求居民意见。
drift	v.	漂移；逐渐偏离	环境与能源	Plastic waste can drift far from its original source.	塑料废物可能漂流到远离其最初来源的地方。
drain	v.	排水；耗尽	城市与交通	Permeable surfaces allow rainwater to drain into the soil.	透水表面使雨水能够排入土壤。
questionnaire	n.	问卷	学术与论证	The questionnaire asks residents about their daily travel habits.	问卷询问居民的日常出行习惯。
privilege	n.	特权；特殊待遇	社会与政策	Access to education should not be a privilege for a few.	获得教育不应是少数人的特权。
domain	n.	领域	科技与研究	The tool applies knowledge from more than one domain.	该工具运用了不止一个领域的知识。
minimum	n.	最低限度	社会与政策	The policy sets a minimum for housing quality.	该政策为住房质量设定了最低标准。
database	n.	数据库	科技与研究	The database stores anonymous information about travel patterns.	该数据库存储有关出行模式的匿名信息。
chronic	adj.	慢性的；长期的	健康与生活	Regular monitoring helps patients manage chronic health conditions.	定期监测帮助患者管理慢性健康问题。
replacement	n.	替代品；更换	环境与能源	Repair is often less wasteful than complete replacement.	维修通常比完全更换产生的浪费更少。
strain	n.	压力；负担	社会与政策	Rapid population growth puts a strain on public services.	人口快速增长给公共服务带来负担。
administer	v.	管理；实施	社会与政策	Local organisations administer the grants for community projects.	地方组织管理社区项目的资助款项。
transmission	n.	传播；传输	科技与研究	Encryption protects information during transmission over public networks.	加密保护信息在公共网络传输过程中的安全。
trigger	v.	引发	环境与能源	Heavy rainfall can trigger flooding in low-lying areas.	强降雨可能引发低洼地区洪水。
virtual	adj.	虚拟的	教育与学习	Virtual laboratories allow students to practise experiments safely.	虚拟实验室让学生能够安全地练习实验。
indigenous	adj.	本土的；原住民的	文化与交流	The project preserves indigenous languages through community recordings.	该项目通过社区录音保护原住民语言。
particle	n.	微粒	环境与能源	A tiny particle of plastic can enter the food chain.	一颗微小的塑料颗粒可能进入食物链。
boost	v.	促进；提高	经济与工作	Improved rail links can boost regional trade.	改善铁路联系可以促进区域贸易。
undermine	v.	削弱	社会与政策	Misleading information can undermine trust in public institutions.	误导性信息可能削弱对公共机构的信任。
ballot	n.	选票；投票	社会与政策	Each member can submit a ballot on the proposed changes.	每位成员都可以就拟议变更投票。
rhetoric	n.	修辞；辞令	文化与交流	Effective rhetoric can persuade an audience without providing strong evidence.	有效的修辞可以在缺乏有力证据的情况下说服听众。
enthusiasm	n.	热情	教育与学习	The workshop generated enthusiasm for practical science.	工作坊激发了对实践科学的热情。
wilderness	n.	荒野	环境与能源	Responsible tourism can support the protection of wilderness areas.	负责任的旅游可以支持荒野地区的保护。
mandate	n.	授权；职责	社会与政策	The agency has a mandate to protect consumer interests.	该机构负有保护消费者利益的职责。
chaos	n.	混乱	城市与交通	Poor coordination can cause chaos during major road repairs.	协调不善可能在大型道路维修期间造成混乱。
format	n.	格式；形式	文化与交流	The report presents complex information in an accessible format.	报告以易于理解的形式呈现复杂信息。
canvas	n.	画布	文化与交流	The artist used a large canvas to depict urban change.	艺术家使用一幅大画布描绘城市变化。
lobby	v.	游说	社会与政策	Community groups lobby officials for safer cycling routes.	社区团体游说官员修建更安全的骑行路线。
trait	n.	特征	学术与论证	Curiosity is a useful trait in scientific research.	好奇心是科学研究中的一种有用特质。
currency	n.	货币	经济与工作	A weaker currency can make exports more competitive.	货币贬值可以使出口产品更具竞争力。
doctrine	n.	学说；信条	学术与论证	The lecture examines an economic doctrine and its limitations.	讲座考察了一种经济学说及其局限性。
genuine	adj.	真正的；真诚的	社会与政策	Genuine consultation gives residents a chance to influence decisions.	真正的协商让居民有机会影响决策。
exclusive	adj.	独有的；专用的	经济与工作	The company holds exclusive rights to distribute the product.	该公司拥有分销该产品的独家权利。
scatter	v.	散布；分散	环境与能源	Strong winds can scatter seeds across a wide area.	强风可以将种子散播到广阔区域。
convey	v.	传达	文化与交流	Simple diagrams can convey complex information quickly.	简单的图示可以迅速传达复杂信息。
residence	n.	住所；居住	城市与交通	The former factory has been converted into a student residence.	原来的工厂已改建为学生宿舍。
signature	n.	签名；显著特征	经济与工作	The agreement requires a signature from each partner.	该协议需要每位合作伙伴签名。
suspend	v.	暂停	社会与政策	The council may suspend construction until the safety review is complete.	市政委员会可能暂停施工，直到安全审查完成。
spouse	n.	配偶	社会与政策	The policy allows an employee's spouse to access support services.	该政策允许员工配偶获得支持服务。
fluid	adj.	不断变化的；流动的	经济与工作	The employment situation remains fluid as new industries emerge.	随着新行业出现，就业形势仍在不断变化。
resume	v.	恢复；重新开始	城市与交通	Rail services will resume after the maintenance work is complete.	维护工作完成后，铁路服务将恢复。
compensation	n.	补偿	经济与工作	Residents received compensation for the temporary loss of access.	居民因暂时无法通行而获得补偿。
dedicate	v.	投入；致力于	教育与学习	Researchers dedicate years to investigating complex problems.	研究人员投入多年时间调查复杂问题。
portfolio	n.	作品集；投资组合	教育与学习	The portfolio demonstrates practical skills developed during the course.	作品集展示了课程期间培养的实践技能。
invisible	adj.	看不见的	环境与能源	Some harmful pollutants are invisible to the human eye.	某些有害污染物是肉眼看不见的。
transaction	n.	交易	经济与工作	Each transaction is recorded to ensure financial transparency.	每笔交易都被记录下来，以确保财务透明。
counterpart	n.	对应的人或事物	学术与论证	The urban school has more resources than its rural counterpart.	这所城市学校比对应的农村学校拥有更多资源。
identical	adj.	完全相同的	学术与论证	The two groups received identical instructions before the experiment.	两组在实验前收到完全相同的指示。
precise	adj.	精确的	学术与论证	A precise definition prevents confusion during the discussion.	精确的定义可以避免讨论中的混淆。
structural	adj.	结构性的	社会与政策	Structural changes are needed to address persistent inequality.	解决持续的不平等需要结构性变革。
diagnose	v.	诊断	健康与生活	New tools help doctors diagnose conditions at an earlier stage.	新工具帮助医生在更早阶段诊断疾病。
conscious	adj.	意识到的；有意识的	环境与能源	Consumers are increasingly conscious of the impact of packaging.	消费者越来越意识到包装的影响。
acquisition	n.	获得；习得	教育与学习	Regular conversation supports the acquisition of a second language.	定期对话有助于第二语言习得。
wildlife	n.	野生生物	环境与能源	Green corridors help wildlife move between protected areas.	绿色廊道帮助野生生物在保护区之间迁移。
equity	n.	公平；股权	社会与政策	Education policy should promote equity as well as efficiency.	教育政策应同时促进公平与效率。
decent	adj.	体面的；像样的	社会与政策	Everyone should have access to decent housing and essential services.	每个人都应能获得体面的住房和基本服务。
endorse	v.	支持；认可	社会与政策	Independent experts endorse the proposal's emphasis on prevention.	独立专家支持该提案对预防的重视。
thereby	adv.	从而	环境与能源	The system reuses heat, thereby reducing overall energy demand.	该系统重复利用热量，从而降低整体能源需求。
indicator	n.	指标	学术与论证	Employment is one indicator of a region's economic health.	就业是衡量一个地区经济健康状况的指标之一。
spectrum	n.	范围；光谱	社会与政策	The survey includes views from a broad spectrum of residents.	调查涵盖了广泛居民群体的观点。
expertise	n.	专业知识	经济与工作	Small firms can benefit from the expertise of local universities.	小企业可以受益于当地大学的专业知识。
reluctant	adj.	不情愿的	经济与工作	Some employers are reluctant to invest in unfamiliar technology.	一些雇主不愿投资不熟悉的技术。
realm	n.	领域	学术与论证	The question extends beyond the realm of economics.	这个问题超出了经济学领域。
blend	v.	融合；混合	文化与交流	The design aims to blend modern materials with traditional forms.	该设计旨在将现代材料与传统形式融合。
therapist	n.	治疗师	健康与生活	The therapist develops an exercise plan for each patient.	治疗师为每位患者制定运动计划。
recipient	n.	接受者	社会与政策	Each recipient receives guidance on using the grant effectively.	每位受助者都会获得有效使用资助的指导。
metaphor	n.	隐喻；比喻	文化与交流	A familiar metaphor can help explain an unfamiliar concept.	熟悉的比喻可以帮助解释陌生的概念。
judicial	adj.	司法的	社会与政策	Judicial independence is important for public confidence in the law.	司法独立对公众信任法律十分重要。
entity	n.	实体	经济与工作	Each business entity must publish accurate financial information.	每个商业实体都必须公布准确的财务信息。
diminish	v.	减少；减弱	环境与能源	Water supplies may diminish during prolonged periods of drought.	长期干旱期间供水可能减少。
isolate	v.	隔离；分离	科技与研究	Researchers isolate individual factors to understand their effects.	研究人员分离单个因素，以了解它们的影响。
productive	adj.	高效的；富有成效的	经济与工作	A quiet workspace can make employees more productive.	安静的工作环境可以提高员工的工作效率。
inventory	n.	库存；清单	经济与工作	Accurate inventory records help shops avoid unnecessary waste.	准确的库存记录帮助商店避免不必要的浪费。
civic	adj.	公民的；城市的	社会与政策	Schools can encourage civic participation through local projects.	学校可以通过地方项目鼓励公民参与。
magnitude	n.	规模；程度	学术与论证	The report highlights the magnitude of the housing shortage.	报告强调了住房短缺的严重程度。
dynamic	adj.	不断变化的；有活力的	经济与工作	A dynamic economy creates opportunities for new businesses.	充满活力的经济为新企业创造机会。
equation	n.	方程；等式	学术与论证	The equation describes the relationship between price and demand.	该方程描述了价格与需求之间的关系。
shortage	n.	短缺	社会与政策	A shortage of trained staff can delay essential services.	受过培训的员工短缺可能延误基本服务。
undertake	v.	承担；从事	科技与研究	The team will undertake a detailed investigation of the problem.	团队将对该问题展开详细调查。
oversee	v.	监督	社会与政策	An independent board will oversee the use of public funds.	一个独立委员会将监督公共资金的使用。
nominee	n.	被提名者	社会与政策	Each nominee must explain their priorities to the committee.	每位被提名者都必须向委员会解释自己的工作重点。
toxic	adj.	有毒的	环境与能源	Factories must prevent toxic waste from entering rivers.	工厂必须防止有毒废物进入河流。
donate	v.	捐赠	社会与政策	Local businesses donate equipment to community training centres.	当地企业向社区培训中心捐赠设备。
parental	adj.	父母的	教育与学习	Parental involvement can support a child's learning at home.	父母参与可以支持孩子在家的学习。
specialise	v.	专门从事	教育与学习	Students can specialise in environmental policy after their first year.	学生可以在第一学年后专攻环境政策。
dilemma	n.	两难处境	学术与论证	The city faces a dilemma between development and conservation.	该城市面临发展与保护之间的两难选择。
liability	n.	法律责任；负债	经济与工作	The agreement clearly defines liability for damaged equipment.	协议明确规定了设备损坏的责任。
ancestor	n.	祖先	文化与交流	The exhibition explores how each ancestor shaped local traditions.	展览探讨了每位祖先如何塑造当地传统。
condemn	v.	谴责	社会与政策	Consumer groups condemn misleading claims about product safety.	消费者团体谴责有关产品安全的误导性宣传。
statute	n.	成文法；法规	社会与政策	The statute establishes minimum standards for workplace safety.	这项法规确立了工作场所安全的最低标准。
hostile	adj.	敌对的；不利的	经济与工作	A hostile working environment can damage employee wellbeing.	充满敌意的工作环境可能损害员工身心健康。
conceive	v.	构想	科技与研究	Designers must conceive solutions that meet different users' needs.	设计师必须构想满足不同用户需求的解决方案。
bonus	n.	奖金；额外好处	经济与工作	The bonus rewards employees for reducing material waste.	这项奖金奖励减少材料浪费的员工。
vaccine	n.	疫苗	健康与生活	The vaccine programme aims to reach remote communities.	疫苗项目旨在覆盖偏远社区。
orbit	n.	轨道	科技与研究	The satellite follows an orbit that enables regular climate observations.	该卫星沿着能够定期观测气候的轨道运行。
revelation	n.	揭示；被揭露的事实	学术与论证	The revelation prompted a review of the organisation's procedures.	这一事实的揭露促使该组织审查其程序。
concede	v.	承认；让步	学术与论证	The authors concede that their sample is relatively small.	作者承认他们的样本相对较小。
spectacular	adj.	壮观的；惊人的	文化与交流	The spectacular landscape attracts visitors throughout the year.	壮观的景色全年吸引着游客。
exotic	adj.	外来的；异国的	环境与能源	Introducing exotic plants can disrupt a local ecosystem.	引入外来植物可能扰乱当地生态系统。
secular	adj.	世俗的；非宗教的	文化与交流	The museum explores both religious and secular traditions.	博物馆同时探索宗教和世俗传统。
flexible	adj.	灵活的	经济与工作	Flexible schedules help employees balance work and family responsibilities.	灵活的时间安排帮助员工平衡工作与家庭责任。
manipulate	v.	操纵；操作	文化与交流	Misleading images can manipulate public perceptions of an event.	误导性图像可以操纵公众对事件的看法。
practitioner	n.	从业者	健康与生活	An experienced practitioner can adapt treatment to individual needs.	经验丰富的从业者可以根据个人需要调整治疗。
isolation	n.	孤立；隔离	社会与政策	Community activities can reduce social isolation among older residents.	社区活动可以减少老年居民的社会孤立感。
ambition	n.	抱负；志向	教育与学习	Her ambition is to improve access to rural education.	她的志向是改善农村教育机会。
costly	adj.	代价高的	城市与交通	Delaying maintenance can lead to costly repairs later.	推迟维护可能导致日后昂贵的维修费用。
ambitious	adj.	有雄心的	环境与能源	The city has set ambitious targets for reducing emissions.	该城市制定了雄心勃勃的减排目标。
presumably	adv.	大概；据推测	学术与论证	The difference presumably reflects unequal access to training.	这一差异大概反映了培训机会的不平等。
metropolitan	adj.	大都市的	城市与交通	Metropolitan areas often require integrated transport planning.	大都市地区往往需要一体化的交通规划。
dissolve	v.	溶解；解散	科技与研究	The substance will dissolve when mixed with warm water.	这种物质与温水混合后会溶解。
aesthetic	adj.	审美的	文化与交流	The design balances practical needs with aesthetic considerations.	该设计兼顾实际需要和审美因素。
insert	v.	插入	学术与论证	Writers should insert examples where an explanation needs support.	作者应在解释需要支撑的地方加入例子。
minimal	adj.	最少的；极小的	环境与能源	The building was designed to have minimal environmental impact.	该建筑旨在尽量减少环境影响。
anonymous	adj.	匿名的	学术与论证	Anonymous responses can encourage participants to share honest opinions.	匿名回答可以鼓励参与者分享真实看法。
momentum	n.	势头；动量	社会与政策	The recycling campaign gained momentum after local schools joined.	当地学校加入后，回收活动发展势头增强。
donation	n.	捐赠	社会与政策	The donation will fund new equipment for the library.	这笔捐款将资助图书馆购置新设备。
interact	v.	互动；相互作用	教育与学习	Students learn how different factors interact in an ecosystem.	学生学习不同因素如何在生态系统中相互作用。
persist	v.	持续；坚持	社会与政策	Regional inequalities may persist without long-term investment.	没有长期投资，区域不平等可能持续存在。
foster	v.	培养；促进	教育与学习	Group projects can foster cooperation and independent thinking.	小组项目可以培养合作精神和独立思考能力。
filter	v.	过滤	科技与研究	The device uses a membrane to filter drinking water.	该设备使用薄膜过滤饮用水。
exploit	v.	利用；剥削	经济与工作	Companies must not exploit workers to reduce production costs.	企业不得为了降低生产成本而剥削工人。
organism	n.	生物体	环境与能源	Each organism has a role in the local ecosystem.	每个生物体都在当地生态系统中发挥作用。
charter	n.	章程；宪章	社会与政策	The charter sets out the organisation's responsibilities to the public.	章程规定了该组织对公众的责任。
comprise	v.	包括；由……组成	学术与论证	The sample will comprise households from several income groups.	样本将包含来自几个收入群体的家庭。
placement	n.	实习安排；安置	教育与学习	A work placement helps students apply classroom knowledge.	工作实习帮助学生应用课堂知识。
preliminary	adj.	初步的	学术与论证	Preliminary findings suggest that the intervention improves attendance.	初步发现表明该干预措施改善了出勤情况。
patent	n.	专利	科技与研究	The patent protects a new method of storing energy.	该专利保护了一种新的储能方法。
gross	adj.	总的；毛的	经济与工作	Gross income does not account for taxes and other deductions.	总收入未扣除税款和其他扣款。
texture	n.	质地；纹理	科技与研究	The material's texture affects how comfortable it feels.	材料的质地影响其触感的舒适程度。
frontier	n.	前沿；边界	科技与研究	Energy storage is an important frontier in technology research.	储能是技术研究的重要前沿领域。
disclose	v.	披露	经济与工作	Companies must disclose the environmental risks of their operations.	企业必须披露其经营活动的环境风险。
outline	n.	提纲；概述	学术与论证	A clear outline helps writers organise their arguments.	清晰的提纲帮助作者组织论点。
catalogue	n.	目录	文化与交流	The digital catalogue makes historical records easier to find.	数字目录使历史记录更容易查找。
fleet	n.	车队；船队	城市与交通	The city is replacing its bus fleet with electric vehicles.	该城市正在用电动车辆替换公交车队。
vertical	adj.	垂直的	城市与交通	Vertical gardens can add greenery to densely built areas.	垂直花园可以为建筑密集区增加绿意。
compel	v.	迫使	社会与政策	Clear regulations can compel companies to improve safety.	明确的法规可以迫使企业改善安全。
cease	v.	停止	环境与能源	The factory must cease operations until emissions meet legal limits.	工厂必须停止运营，直到排放符合法律限制。
